"name","variant","id"
"EPI_ISL_1034306__P.1","P.1","1"
"EPI_ISL_1039691__P.1","P.1","1"
"EPI_ISL_1039692__P.1","P.1","1"
"EPI_ISL_1039693__P.1","P.1","1"
"EPI_ISL_1040826__B.1.1.28","B.1.1.28","2"
"EPI_ISL_1040827__B.1.1.28","B.1.1.28","2"
"EPI_ISL_1040828__B.1.1.28","B.1.1.28","2"
"EPI_ISL_1040830__B.1.1.28","B.1.1.28","2"
"EPI_ISL_1040832__B.1.1.28","B.1.1.28","2"
"EPI_ISL_1068079__B.1.195","B.1.195","3"
"EPI_ISL_1068212__B.1.195","B.1.195","3"
"EPI_ISL_1068226__P.1","P.1","1"
"EPI_ISL_1068232__B.1.195","B.1.195","3"
"EPI_ISL_1068237__B.1.195","B.1.195","3"
"EPI_ISL_1068238__B.1.195","B.1.195","3"
"EPI_ISL_1068392__B.1.1.33","B.1.1.33","4"
"EPI_ISL_1133277_B.1.1.7","B.1.1.7","5"
"EPI_ISL_1139055__B.1.1.33","B.1.1.33","4"
"EPI_ISL_1139061__B.1.1.33","B.1.1.33","4"
"EPI_ISL_1139062__B.1.1.33","B.1.1.33","4"
"EPI_ISL_1139063__B.1.1.33","B.1.1.33","4"
"EPI_ISL_1303518_P.2","P.2","6"
"EPI_ISL_1445099_P.2","P.2","6"
"EPI_ISL_1445128_P.4","P.4","7"
"EPI_ISL_1533719_P.1","P.1","1"
"EPI_ISL_1533990_B.1.1.7","B.1.1.7","5"
"EPI_ISL_1795312_P.4","P.4","7"
"EPI_ISL_1858357_B.1.1.7","B.1.1.7","5"
"EPI_ISL_1966763_P.4","P.4","7"
"EPI_ISL_1966991_B.1.1.7","B.1.1.7","5"
"EPI_ISL_2008911_P.4","P.4","7"
"EPI_ISL_2157593_P.2","P.2","6"
"EPI_ISL_2308410_P.2","P.2","6"
"EPI_ISL_2308448_P.2","P.2","6"
"EPI_ISL_2345551_B.1.1.7","B.1.1.7","5"
"EPI_ISL_2345627_P.1","P.1","1"
"EPI_ISL_2345663_P.4","P.4","7"
"EPI_ISL_2345957_P.1","P.1","1"
"EPI_ISL_2385492_P.1","P.1","1"